pokemon_id,back_default,back_shiny,front_default,front_shiny
1,https://raw.githubusercontent.com/PokeAPI/sprites/master/sprites/pokemon/back/1.png,https://raw.githubusercontent.com/PokeAPI/sprites/master/sprites/pokemon/back/shiny/1.png,https://raw.githubusercontent.com/PokeAPI/sprites/master/sprites/pokemon/1.png,https://raw.githubusercontent.com/PokeAPI/sprites/master/sprites/pokemon/shiny/1.png
2,https://raw.githubusercontent.com/PokeAPI/sprites/master/sprites/pokemon/back/2.png,https://raw.githubusercontent.com/PokeAPI/sprites/master/sprites/pokemon/back/shiny/2.png,https://raw.githubusercontent.com/PokeAPI/sprites/master/sprites/pokemon/2.png,https://raw.githubusercontent.com/PokeAPI/sprites/master/sprites/pokemon/shiny/2.png
3,https://raw.githubusercontent.com/PokeAPI/sprites/master/sprites/pokemon/back/3.png,https://raw.githubusercontent.com/PokeAPI/sprites/master/sprites/pokemon/back/shiny/3.png,https://raw.githubusercontent.com/PokeAPI/sprites/master/sprites/pokemon/3.png,https://raw.githubusercontent.com/PokeAPI/sprites/master/sprites/pokemon/shiny/3.png
4,https://raw.githubusercontent.com/PokeAPI/sprites/master/sprites/pokemon/back/4.png,https://raw.githubusercontent.com/PokeAPI/sprites/master/sprites/pokemon/back/shiny/4.png,https://raw.githubusercontent.com/PokeAPI/sprites/master/sprites/pokemon/4.png,https://raw.githubusercontent.com/PokeAPI/sprites/master/sprites/pokemon/shiny/4.png
5,https://raw.githubusercontent.com/PokeAPI/sprites/master/sprites/pokemon/back/5.png,https://raw.githubusercontent.com/PokeAPI/sprites/master/sprites/pokemon/back/shiny/5.png,https://raw.githubusercontent.com/PokeAPI/sprites/master/sprites/pokemon/5.png,https://raw.githubusercontent.com/PokeAPI/sprites/master/sprites/pokemon/shiny/5.png
6,https://raw.githubusercontent.com/PokeAPI/sprites/master/sprites/pokemon/back/6.png,https://raw.githubusercontent.com/PokeAPI/sprites/master/sprites/pokemon/back/shiny/6.png,https://raw.githubusercontent.com/PokeAPI/sprites/master/sprites/pokemon/6.png,https://raw.githubusercontent.com/PokeAPI/sprites/master/sprites/pokemon/shiny/6.png
7,https://raw.githubusercontent.com/PokeAPI/sprites/master/sprites/pokemon/back/7.png,https://raw.githubusercontent.com/PokeAPI/sprites/master/sprites/pokemon/back/shiny/7.png,https://raw.githubusercontent.com/PokeAPI/sprites/master/sprites/pokemon/7.png,https://raw.githubusercontent.com/PokeAPI/sprites/master/sprites/pokemon/shiny/7.png
8,https://raw.githubusercontent.com/PokeAPI/sprites/master/sprites/pokemon/back/8.png,https://raw.githubusercontent.com/PokeAPI/sprites/master/sprites/pokemon/back/shiny/8.png,https://raw.githubusercontent.com/PokeAPI/sprites/master/sprites/pokemon/8.png,https://raw.githubusercontent.com/PokeAPI/sprites/master/sprites/pokemon/shiny/8.png
9,https://raw.githubusercontent.com/PokeAPI/sprites/master/sprites/pokemon/back/9.png,https://raw.githubusercontent.com/PokeAPI/sprites/master/sprites/pokemon/back/shiny/9.png,https://raw.githubusercontent.com/PokeAPI/sprites/master/sprites/pokemon/9.png,https://raw.githubusercontent.com/PokeAPI/sprites/master/sprites/pokemon/shiny/9.png
10,https://raw.githubusercontent.com/PokeAPI/sprites/master/sprites/pokemon/back/10.png,https://raw.githubusercontent.com/PokeAPI/sprites/master/sprites/pokemon/back/shiny/10.png,https://raw.githubusercontent.com/PokeAPI/sprites/master/sprites/pokemon/10.png,https://raw.githubusercontent.com/PokeAPI/sprites/master/sprites/pokemon/shiny/10.png
11,https://raw.githubusercontent.com/PokeAPI/sprites/master/sprites/pokemon/back/11.png,https://raw.githubusercontent.com/PokeAPI/sprites/master/sprites/pokemon/back/shiny/11.png,https://raw.githubusercontent.com/PokeAPI/sprites/master/sprites/pokemon/11.png,https://raw.githubusercontent.com/PokeAPI/sprites/master/sprites/pokemon/shiny/11.png
12,https://raw.githubusercontent.com/PokeAPI/sprites/master/sprites/pokemon/back/12.png,https://raw.githubusercontent.com/PokeAPI/sprites/master/sprites/pokemon/back/shiny/12.png,https://raw.githubusercontent.com/PokeAPI/sprites/master/sprites/pokemon/12.png,https://raw.githubusercontent.com/PokeAPI/sprites/master/sprites/pokemon/shiny/12.png
13,https://raw.githubusercontent.com/PokeAPI/sprites/master/sprites/pokemon/back/13.png,https://raw.githubusercontent.com/PokeAPI/sprites/master/sprites/pokemon/back/shiny/13.png,https://raw.githubusercontent.com/PokeAPI/sprites/master/sprites/pokemon/13.png,https://raw.githubusercontent.com/PokeAPI/sprites/master/sprites/pokemon/shiny/13.png
14,https://raw.githubusercontent.com/PokeAPI/sprites/master/sprites/pokemon/back/14.png,https://raw.githubusercontent.com/PokeAPI/sprites/master/sprites/pokemon/back/shiny/14.png,https://raw.githubusercontent.com/PokeAPI/sprites/master/sprites/pokemon/14.png,https://raw.githubusercontent.com/PokeAPI/sprites/master/sprites/pokemon/shiny/14.png
15,https://raw.githubusercontent.com/PokeAPI/sprites/master/sprites/pokemon/back/15.png,https://raw.githubusercontent.com/PokeAPI/sprites/master/sprites/pokemon/back/shiny/15.png,https://raw.githubusercontent.com/PokeAPI/sprites/master/sprites/pokemon/15.png,https://raw.githubusercontent.com/PokeAPI/sprites/master/sprites/pokemon/shiny/15.png
16,https://raw.githubusercontent.com/PokeAPI/sprites/master/sprites/pokemon/back/16.png,https://raw.githubusercontent.com/PokeAPI/sprites/master/sprites/pokemon/back/shiny/16.png,https://raw.githubusercontent.com/PokeAPI/sprites/master/sprites/pokemon/16.png,https://raw.githubusercontent.com/PokeAPI/sprites/master/sprites/pokemon/shiny/16.png
17,https://raw.githubusercontent.com/PokeAPI/sprites/master/sprites/pokemon/back/17.png,https://raw.githubusercontent.com/PokeAPI/sprites/master/sprites/pokemon/back/shiny/17.png,https://raw.githubusercontent.com/PokeAPI/sprites/master/sprites/pokemon/17.png,https://raw.githubusercontent.com/PokeAPI/sprites/master/sprites/pokemon/shiny/17.png
18,https://raw.githubusercontent.com/PokeAPI/sprites/master/sprites/pokemon/back/18.png,https://raw.githubusercontent.com/PokeAPI/sprites/master/sprites/pokemon/back/shiny/18.png,https://raw.githubusercontent.com/PokeAPI/sprites/master/sprites/pokemon/18.png,https://raw.githubusercontent.com/PokeAPI/sprites/master/sprites/pokemon/shiny/18.png
19,https://raw.githubusercontent.com/PokeAPI/sprites/master/sprites/pokemon/back/19.png,https://raw.githubusercontent.com/PokeAPI/sprites/master/sprites/pokemon/back/shiny/19.png,https://raw.githubusercontent.com/PokeAPI/sprites/master/sprites/pokemon/19.png,https://raw.githubusercontent.com/PokeAPI/sprites/master/sprites/pokemon/shiny/19.png
20,https://raw.githubusercontent.com/PokeAPI/sprites/master/sprites/pokemon/back/20.png,https://raw.githubusercontent.com/PokeAPI/sprites/master/sprites/pokemon/back/shiny/20.png,https://raw.githubusercontent.com/PokeAPI/sprites/master/sprites/pokemon/20.png,https://raw.githubusercontent.com/PokeAPI/sprites/master/sprites/pokemon/shiny/20.png
21,https://raw.githubusercontent.com/PokeAPI/sprites/master/sprites/pokemon/back/21.png,https://raw.githubusercontent.com/PokeAPI/sprites/master/sprites/pokemon/back/shiny/21.png,https://raw.githubusercontent.com/PokeAPI/sprites/master/sprites/pokemon/21.png,https://raw.githubusercontent.com/PokeAPI/sprites/master/sprites/pokemon/shiny/21.png
22,https://raw.githubusercontent.com/PokeAPI/sprites/master/sprites/pokemon/back/22.png,https://raw.githubusercontent.com/PokeAPI/sprites/master/sprites/pokemon/back/shiny/22.png,https://raw.githubusercontent.com/PokeAPI/sprites/master/sprites/pokemon/22.png,https://raw.githubusercontent.com/PokeAPI/sprites/master/sprites/pokemon/shiny/22.png
23,https://raw.githubusercontent.com/PokeAPI/sprites/master/sprites/pokemon/back/23.png,https://raw.githubusercontent.com/PokeAPI/sprites/master/sprites/pokemon/back/shiny/23.png,https://raw.githubusercontent.com/PokeAPI/sprites/master/sprites/pokemon/23.png,https://raw.githubusercontent.com/PokeAPI/sprites/master/sprites/pokemon/shiny/23.png
24,https://raw.githubusercontent.com/PokeAPI/sprites/master/sprites/pokemon/back/24.png,https://raw.githubusercontent.com/PokeAPI/sprites/master/sprites/pokemon/back/shiny/24.png,https://raw.githubusercontent.com/PokeAPI/sprites/master/sprites/pokemon/24.png,https://raw.githubusercontent.com/PokeAPI/sprites/master/sprites/pokemon/shiny/24.png
25,https://raw.githubusercontent.com/PokeAPI/sprites/master/sprites/pokemon/back/25.png,https://raw.githubusercontent.com/PokeAPI/sprites/master/sprites/pokemon/back/shiny/25.png,https://raw.githubusercontent.com/PokeAPI/sprites/master/sprites/pokemon/25.png,https://raw.githubusercontent.com/PokeAPI/sprites/master/sprites/pokemon/shiny/25.png
26,https://raw.githubusercontent.com/PokeAPI/sprites/master/sprites/pokemon/back/26.png,https://raw.githubusercontent.com/PokeAPI/sprites/master/sprites/pokemon/back/shiny/26.png,https://raw.githubusercontent.com/PokeAPI/sprites/master/sprites/pokemon/26.png,https://raw.githubusercontent.com/PokeAPI/sprites/master/sprites/pokemon/shiny/26.png
27,https://raw.githubusercontent.com/PokeAPI/sprites/master/sprites/pokemon/back/27.png,https://raw.githubusercontent.com/PokeAPI/sprites/master/sprites/pokemon/back/shiny/27.png,https://raw.githubusercontent.com/PokeAPI/sprites/master/sprites/pokemon/27.png,https://raw.githubusercontent.com/PokeAPI/sprites/master/sprites/pokemon/shiny/27.png
28,https://raw.githubusercontent.com/PokeAPI/sprites/master/sprites/pokemon/back/28.png,https://raw.githubusercontent.com/PokeAPI/sprites/master/sprites/pokemon/back/shiny/28.png,https://raw.githubusercontent.com/PokeAPI/sprites/master/sprites/pokemon/28.png,https://raw.githubusercontent.com/PokeAPI/sprites/master/sprites/pokemon/shiny/28.png
29,https://raw.githubusercontent.com/PokeAPI/sprites/master/sprites/pokemon/back/29.png,https://raw.githubusercontent.com/PokeAPI/sprites/master/sprites/pokemon/back/shiny/29.png,https://raw.githubusercontent.com/PokeAPI/sprites/master/sprites/pokemon/29.png,https://raw.githubusercontent.com/PokeAPI/sprites/master/sprites/pokemon/shiny/29.png
30,https://raw.githubusercontent.com/PokeAPI/sprites/master/sprites/pokemon/back/30.png,https://raw.githubusercontent.com/PokeAPI/sprites/master/sprites/pokemon/back/shiny/30.png,https://raw.githubusercontent.com/PokeAPI/sprites/master/sprites/pokemon/30.png,https://raw.githubusercontent.com/PokeAPI/sprites/master/sprites/pokemon/shiny/30.png
31,https://raw.githubusercontent.com/PokeAPI/sprites/master/sprites/pokemon/back/31.png,https://raw.githubusercontent.com/PokeAPI/sprites/master/sprites/pokemon/back/shiny/31.png,https://raw.githubusercontent.com/PokeAPI/sprites/master/sprites/pokemon/31.png,https://raw.githubusercontent.com/PokeAPI/sprites/master/sprites/pokemon/shiny/31.png
32,https://raw.githubusercontent.com/PokeAPI/sprites/master/sprites/pokemon/back/32.png,https://raw.githubusercontent.com/PokeAPI/sprites/master/sprites/pokemon/back/shiny/32.png,https://raw.githubusercontent.com/PokeAPI/sprites/master/sprites/pokemon/32.png,https://raw.githubusercontent.com/PokeAPI/sprites/master/sprites/pokemon/shiny/32.png
33,https://raw.githubusercontent.com/PokeAPI/sprites/master/sprites/pokemon/back/33.png,https://raw.githubusercontent.com/PokeAPI/sprites/master/sprites/pokemon/back/shiny/33.png,https://raw.githubusercontent.com/PokeAPI/sprites/master/sprites/pokemon/33.png,https://raw.githubusercontent.com/PokeAPI/sprites/master/sprites/pokemon/shiny/33.png
34,https://raw.githubusercontent.com/PokeAPI/sprites/master/sprites/pokemon/back/34.png,https://raw.githubusercontent.com/PokeAPI/sprites/master/sprites/pokemon/back/shiny/34.png,https://raw.githubusercontent.com/PokeAPI/sprites/master/sprites/pokemon/34.png,https://raw.githubusercontent.com/PokeAPI/sprites/master/sprites/pokemon/shiny/34.png
35,https://raw.githubusercontent.com/PokeAPI/sprites/master/sprites/pokemon/back/35.png,https://raw.githubusercontent.com/PokeAPI/sprites/master/sprites/pokemon/back/shiny/35.png,https://raw.githubusercontent.com/PokeAPI/sprites/master/sprites/pokemon/35.png,https://raw.githubusercontent.com/PokeAPI/sprites/master/sprites/pokemon/shiny/35.png
36,https://raw.githubusercontent.com/PokeAPI/sprites/master/sprites/pokemon/back/36.png,https://raw.githubusercontent.com/PokeAPI/sprites/master/sprites/pokemon/back/shiny/36.png,https://raw.githubusercontent.com/PokeAPI/sprites/master/sprites/pokemon/36.png,https://raw.githubusercontent.com/PokeAPI/sprites/master/sprites/pokemon/shiny/36.png
37,https://raw.githubusercontent.com/PokeAPI/sprites/master/sprites/pokemon/back/37.png,https://raw.githubusercontent.com/PokeAPI/sprites/master/sprites/pokemon/back/shiny/37.png,https://raw.githubusercontent.com/PokeAPI/sprites/master/sprites/pokemon/37.png,https://raw.githubusercontent.com/PokeAPI/sprites/master/sprites/pokemon/shiny/37.png
38,https://raw.githubusercontent.com/PokeAPI/sprites/master/sprites/pokemon/back/38.png,https://raw.githubusercontent.com/PokeAPI/sprites/master/sprites/pokemon/back/shiny/38.png,https://raw.githubusercontent.com/PokeAPI/sprites/master/sprites/pokemon/38.png,https://raw.githubusercontent.com/PokeAPI/sprites/master/sprites/pokemon/shiny/38.png
39,https://raw.githubusercontent.com/PokeAPI/sprites/master/sprites/pokemon/back/39.png,https://raw.githubusercontent.com/PokeAPI/sprites/master/sprites/pokemon/back/shiny/39.png,https://raw.githubusercontent.com/PokeAPI/sprites/master/sprites/pokemon/39.png,https://raw.githubusercontent.com/PokeAPI/sprites/master/sprites/pokemon/shiny/39.png
40,https://raw.githubusercontent.com/PokeAPI/sprites/master/sprites/pokemon/back/40.png,https://raw.githubusercontent.com/PokeAPI/sprites/master/sprites/pokemon/back/shiny/40.png,https://raw.githubusercontent.com/PokeAPI/sprites/master/sprites/pokemon/40.png,https://raw.githubusercontent.com/PokeAPI/sprites/master/sprites/pokemon/shiny/40.png
41,https://raw.githubusercontent.com/PokeAPI/sprites/master/sprites/pokemon/back/41.png,https://raw.githubusercontent.com/PokeAPI/sprites/master/sprites/pokemon/back/shiny/41.png,https://raw.githubusercontent.com/PokeAPI/sprites/master/sprites/pokemon/41.png,https://raw.githubusercontent.com/PokeAPI/sprites/master/sprites/pokemon/shiny/41.png
42,https://raw.githubusercontent.com/PokeAPI/sprites/master/sprites/pokemon/back/42.png,https://raw.githubusercontent.com/PokeAPI/sprites/master/sprites/pokemon/back/shiny/42.png,https://raw.githubusercontent.com/PokeAPI/sprites/master/sprites/pokemon/42.png,https://raw.githubusercontent.com/PokeAPI/sprites/master/sprites/pokemon/shiny/42.png
43,https://raw.githubusercontent.com/PokeAPI/sprites/master/sprites/pokemon/back/43.png,https://raw.githubusercontent.com/PokeAPI/sprites/master/sprites/pokemon/back/shiny/43.png,https://raw.githubusercontent.com/PokeAPI/sprites/master/sprites/pokemon/43.png,https://raw.githubusercontent.com/PokeAPI/sprites/master/sprites/pokemon/shiny/43.png
44,https://raw.githubusercontent.com/PokeAPI/sprites/master/sprites/pokemon/back/44.png,https://raw.githubusercontent.com/PokeAPI/sprites/master/sprites/pokemon/back/shiny/44.png,https://raw.githubusercontent.com/PokeAPI/sprites/master/sprites/pokemon/44.png,https://raw.githubusercontent.com/PokeAPI/sprites/master/sprites/pokemon/shiny/44.png
45,https://raw.githubusercontent.com/PokeAPI/sprites/master/sprites/pokemon/back/45.png,https://raw.githubusercontent.com/PokeAPI/sprites/master/sprites/pokemon/back/shiny/45.png,https://raw.githubusercontent.com/PokeAPI/sprites/master/sprites/pokemon/45.png,https://raw.githubusercontent.com/PokeAPI/sprites/master/sprites/pokemon/shiny/45.png
46,https://raw.githubusercontent.com/PokeAPI/sprites/master/sprites/pokemon/back/46.png,https://raw.githubusercontent.com/PokeAPI/sprites/master/sprites/pokemon/back/shiny/46.png,https://raw.githubusercontent.com/PokeAPI/sprites/master/sprites/pokemon/46.png,https://raw.githubusercontent.com/PokeAPI/sprites/master/sprites/pokemon/shiny/46.png
47,https://raw.githubusercontent.com/PokeAPI/sprites/master/sprites/pokemon/back/47.png,https://raw.githubusercontent.com/PokeAPI/sprites/master/sprites/pokemon/back/shiny/47.png,https://raw.githubusercontent.com/PokeAPI/sprites/master/sprites/pokemon/47.png,https://raw.githubusercontent.com/PokeAPI/sprites/master/sprites/pokemon/shiny/47.png
48,https://raw.githubusercontent.com/PokeAPI/sprites/master/sprites/pokemon/back/48.png,https://raw.githubusercontent.com/PokeAPI/sprites/master/sprites/pokemon/back/shiny/48.png,https://raw.githubusercontent.com/PokeAPI/sprites/master/sprites/pokemon/48.png,https://raw.githubusercontent.com/PokeAPI/sprites/master/sprites/pokemon/shiny/48.png
49,https://raw.githubusercontent.com/PokeAPI/sprites/master/sprites/pokemon/back/49.png,https://raw.githubusercontent.com/PokeAPI/sprites/master/sprites/pokemon/back/shiny/49.png,https://raw.githubusercontent.com/PokeAPI/sprites/master/sprites/pokemon/49.png,https://raw.githubusercontent.com/PokeAPI/sprites/master/sprites/pokemon/shiny/49.png
50,https://raw.githubusercontent.com/PokeAPI/sprites/master/sprites/pokemon/back/50.png,https://raw.githubusercontent.com/PokeAPI/sprites/master/sprites/pokemon/back/shiny/50.png,https://raw.githubusercontent.com/PokeAPI/sprites/master/sprites/pokemon/50.png,https://raw.githubusercontent.com/PokeAPI/sprites/master/sprites/pokemon/shiny/50.png
51,https://raw.githubusercontent.com/PokeAPI/sprites/master/sprites/pokemon/back/51.png,https://raw.githubusercontent.com/PokeAPI/sprites/master/sprites/pokemon/back/shiny/51.png,https://raw.githubusercontent.com/PokeAPI/sprites/master/sprites/pokemon/51.png,https://raw.githubusercontent.com/PokeAPI/sprites/master/sprites/pokemon/shiny/51.png
52,https://raw.githubusercontent.com/PokeAPI/sprites/master/sprites/pokemon/back/52.png,https://raw.githubusercontent.com/PokeAPI/sprites/master/sprites/pokemon/back/shiny/52.png,https://raw.githubusercontent.com/PokeAPI/sprites/master/sprites/pokemon/52.png,https://raw.githubusercontent.com/PokeAPI/sprites/master/sprites/pokemon/shiny/52.png
53,https://raw.githubusercontent.com/PokeAPI/sprites/master/sprites/pokemon/back/53.png,https://raw.githubusercontent.com/PokeAPI/sprites/master/sprites/pokemon/back/shiny/53.png,https://raw.githubusercontent.com/PokeAPI/sprites/master/sprites/pokemon/53.png,https://raw.githubusercontent.com/PokeAPI/sprites/master/sprites/pokemon/shiny/53.png
54,https://raw.githubusercontent.com/PokeAPI/sprites/master/sprites/pokemon/back/54.png,https://raw.githubusercontent.com/PokeAPI/sprites/master/sprites/pokemon/back/shiny/54.png,https://raw.githubusercontent.com/PokeAPI/sprites/master/sprites/pokemon/54.png,https://raw.githubusercontent.com/PokeAPI/sprites/master/sprites/pokemon/shiny/54.png
55,https://raw.githubusercontent.com/PokeAPI/sprites/master/sprites/pokemon/back/55.png,https://raw.githubusercontent.com/PokeAPI/sprites/master/sprites/pokemon/back/shiny/55.png,https://raw.githubusercontent.com/PokeAPI/sprites/master/sprites/pokemon/55.png,https://raw.githubusercontent.com/PokeAPI/sprites/master/sprites/pokemon/shiny/55.png
56,https://raw.githubusercontent.com/PokeAPI/sprites/master/sprites/pokemon/back/56.png,https://raw.githubusercontent.com/PokeAPI/sprites/master/sprites/pokemon/back/shiny/56.png,https://raw.githubusercontent.com/PokeAPI/sprites/master/sprites/pokemon/56.png,https://raw.githubusercontent.com/PokeAPI/sprites/master/sprites/pokemon/shiny/56.png
57,https://raw.githubusercontent.com/PokeAPI/sprites/master/sprites/pokemon/back/57.png,https://raw.githubusercontent.com/PokeAPI/sprites/master/sprites/pokemon/back/shiny/57.png,https://raw.githubusercontent.com/PokeAPI/sprites/master/sprites/pokemon/57.png,https://raw.githubusercontent.com/PokeAPI/sprites/master/sprites/pokemon/shiny/57.png
58,https://raw.githubusercontent.com/PokeAPI/sprites/master/sprites/pokemon/back/58.png,https://raw.githubusercontent.com/PokeAPI/sprites/master/sprites/pokemon/back/shiny/58.png,https://raw.githubusercontent.com/PokeAPI/sprites/master/sprites/pokemon/58.png,https://raw.githubusercontent.com/PokeAPI/sprites/master/sprites/pokemon/shiny/58.png
59,https://raw.githubusercontent.com/PokeAPI/sprites/master/sprites/pokemon/back/59.png,https://raw.githubusercontent.com/PokeAPI/sprites/master/sprites/pokemon/back/shiny/59.png,https://raw.githubusercontent.com/PokeAPI/sprites/master/sprites/pokemon/59.png,https://raw.githubusercontent.com/PokeAPI/sprites/master/sprites/pokemon/shiny/59.png
60,https://raw.githubusercontent.com/PokeAPI/sprites/master/sprites/pokemon/back/60.png,https://raw.githubusercontent.com/PokeAPI/sprites/master/sprites/pokemon/back/shiny/60.png,https://raw.githubusercontent.com/PokeAPI/sprites/master/sprites/pokemon/60.png,https://raw.githubusercontent.com/PokeAPI/sprites/master/sprites/pokemon/shiny/60.png
61,https://raw.githubusercontent.com/PokeAPI/sprites/master/sprites/pokemon/back/61.png,https://raw.githubusercontent.com/PokeAPI/sprites/master/sprites/pokemon/back/shiny/61.png,https://raw.githubusercontent.com/PokeAPI/sprites/master/sprites/pokemon/61.png,https://raw.githubusercontent.com/PokeAPI/sprites/master/sprites/pokemon/shiny/61.png
62,https://raw.githubusercontent.com/PokeAPI/sprites/master/sprites/pokemon/back/62.png,https://raw.githubusercontent.com/PokeAPI/sprites/master/sprites/pokemon/back/shiny/62.png,https://raw.githubusercontent.com/PokeAPI/sprites/master/sprites/pokemon/62.png,https://raw.githubusercontent.com/PokeAPI/sprites/master/sprites/pokemon/shiny/62.png
63,https://raw.githubusercontent.com/PokeAPI/sprites/master/sprites/pokemon/back/63.png,https://raw.githubusercontent.com/PokeAPI/sprites/master/sprites/pokemon/back/shiny/63.png,https://raw.githubusercontent.com/PokeAPI/sprites/master/sprites/pokemon/63.png,https://raw.githubusercontent.com/PokeAPI/sprites/master/sprites/pokemon/shiny/63.png
64,https://raw.githubusercontent.com/PokeAPI/sprites/master/sprites/pokemon/back/64.png,https://raw.githubusercontent.com/PokeAPI/sprites/master/sprites/pokemon/back/shiny/64.png,https://raw.githubusercontent.com/PokeAPI/sprites/master/sprites/pokemon/64.png,https://raw.githubusercontent.com/PokeAPI/sprites/master/sprites/pokemon/shiny/64.png
65,https://raw.githubusercontent.com/PokeAPI/sprites/master/sprites/pokemon/back/65.png,https://raw.githubusercontent.com/PokeAPI/sprites/master/sprites/pokemon/back/shiny/65.png,https://raw.githubusercontent.com/PokeAPI/sprites/master/sprites/pokemon/65.png,https://raw.githubusercontent.com/PokeAPI/sprites/master/sprites/pokemon/shiny/65.png
66,https://raw.githubusercontent.com/PokeAPI/sprites/master/sprites/pokemon/back/66.png,https://raw.githubusercontent.com/PokeAPI/sprites/master/sprites/pokemon/back/shiny/66.png,https://raw.githubusercontent.com/PokeAPI/sprites/master/sprites/pokemon/66.png,https://raw.githubusercontent.com/PokeAPI/sprites/master/sprites/pokemon/shiny/66.png
67,https://raw.githubusercontent.com/PokeAPI/sprites/master/sprites/pokemon/back/67.png,https://raw.githubusercontent.com/PokeAPI/sprites/master/sprites/pokemon/back/shiny/67.png,https://raw.githubusercontent.com/PokeAPI/sprites/master/sprites/pokemon/67.png,https://raw.githubusercontent.com/PokeAPI/sprites/master/sprites/pokemon/shiny/67.png
68,https://raw.githubusercontent.com/PokeAPI/sprites/master/sprites/pokemon/back/68.png,https://raw.githubusercontent.com/PokeAPI/sprites/master/sprites/pokemon/back/shiny/68.png,https://raw.githubusercontent.com/PokeAPI/sprites/master/sprites/pokemon/68.png,https://raw.githubusercontent.com/PokeAPI/sprites/master/sprites/pokemon/shiny/68.png
69,https://raw.githubusercontent.com/PokeAPI/sprites/master/sprites/pokemon/back/69.png,https://raw.githubusercontent.com/PokeAPI/sprites/master/sprites/pokemon/back/shiny/69.png,https://raw.githubusercontent.com/PokeAPI/sprites/master/sprites/pokemon/69.png,https://raw.githubusercontent.com/PokeAPI/sprites/master/sprites/pokemon/shiny/69.png
70,https://raw.githubusercontent.com/PokeAPI/sprites/master/sprites/pokemon/back/70.png,https://raw.githubusercontent.com/PokeAPI/sprites/master/sprites/pokemon/back/shiny/70.png,https://raw.githubusercontent.com/PokeAPI/sprites/master/sprites/pokemon/70.png,https://raw.githubusercontent.com/PokeAPI/sprites/master/sprites/pokemon/shiny/70.png
71,https://raw.githubusercontent.com/PokeAPI/sprites/master/sprites/pokemon/back/71.png,https://raw.githubusercontent.com/PokeAPI/sprites/master/sprites/pokemon/back/shiny/71.png,https://raw.githubusercontent.com/PokeAPI/sprites/master/sprites/pokemon/71.png,https://raw.githubusercontent.com/PokeAPI/sprites/master/sprites/pokemon/shiny/71.png
72,https://raw.githubusercontent.com/PokeAPI/sprites/master/sprites/pokemon/back/72.png,https://raw.githubusercontent.com/PokeAPI/sprites/master/sprites/pokemon/back/shiny/72.png,https://raw.githubusercontent.com/PokeAPI/sprites/master/sprites/pokemon/72.png,https://raw.githubusercontent.com/PokeAPI/sprites/master/sprites/pokemon/shiny/72.png
73,https://raw.githubusercontent.com/PokeAPI/sprites/master/sprites/pokemon/back/73.png,https://raw.githubusercontent.com/PokeAPI/sprites/master/sprites/pokemon/back/shiny/73.png,https://raw.githubusercontent.com/PokeAPI/sprites/master/sprites/pokemon/73.png,https://raw.githubusercontent.com/PokeAPI/sprites/master/sprites/pokemon/shiny/73.png
74,https://raw.githubusercontent.com/PokeAPI/sprites/master/sprites/pokemon/back/74.png,https://raw.githubusercontent.com/PokeAPI/sprites/master/sprites/pokemon/back/shiny/74.png,https://raw.githubusercontent.com/PokeAPI/sprites/master/sprites/pokemon/74.png,https://raw.githubusercontent.com/PokeAPI/sprites/master/sprites/pokemon/shiny/74.png
75,https://raw.githubusercontent.com/PokeAPI/sprites/master/sprites/pokemon/back/75.png,https://raw.githubusercontent.com/PokeAPI/sprites/master/sprites/pokemon/back/shiny/75.png,https://raw.githubusercontent.com/PokeAPI/sprites/master/sprites/pokemon/75.png,https://raw.githubusercontent.com/PokeAPI/sprites/master/sprites/pokemon/shiny/75.png
76,https://raw.githubusercontent.com/PokeAPI/sprites/master/sprites/pokemon/back/76.png,https://raw.githubusercontent.com/PokeAPI/sprites/master/sprites/pokemon/back/shiny/76.png,https://raw.githubusercontent.com/PokeAPI/sprites/master/sprites/pokemon/76.png,https://raw.githubusercontent.com/PokeAPI/sprites/master/sprites/pokemon/shiny/76.png
77,https://raw.githubusercontent.com/PokeAPI/sprites/master/sprites/pokemon/back/77.png,https://raw.githubusercontent.com/PokeAPI/sprites/master/sprites/pokemon/back/shiny/77.png,https://raw.githubusercontent.com/PokeAPI/sprites/master/sprites/pokemon/77.png,https://raw.githubusercontent.com/PokeAPI/sprites/master/sprites/pokemon/shiny/77.png
78,https://raw.githubusercontent.com/PokeAPI/sprites/master/sprites/pokemon/back/78.png,https://raw.githubusercontent.com/PokeAPI/sprites/master/sprites/pokemon/back/shiny/78.png,https://raw.githubusercontent.com/PokeAPI/sprites/master/sprites/pokemon/78.png,https://raw.githubusercontent.com/PokeAPI/sprites/master/sprites/pokemon/shiny/78.png
79,https://raw.githubusercontent.com/PokeAPI/sprites/master/sprites/pokemon/back/79.png,https://raw.githubusercontent.com/PokeAPI/sprites/master/sprites/pokemon/back/shiny/79.png,https://raw.githubusercontent.com/PokeAPI/sprites/master/sprites/pokemon/79.png,https://raw.githubusercontent.com/PokeAPI/sprites/master/sprites/pokemon/shiny/79.png
80,https://raw.githubusercontent.com/PokeAPI/sprites/master/sprites/pokemon/back/80.png,https://raw.githubusercontent.com/PokeAPI/sprites/master/sprites/pokemon/back/shiny/80.png,https://raw.githubusercontent.com/PokeAPI/sprites/master/sprites/pokemon/80.png,https://raw.githubusercontent.com/PokeAPI/sprites/master/sprites/pokemon/shiny/80.png
81,https://raw.githubusercontent.com/PokeAPI/sprites/master/sprites/pokemon/back/81.png,https://raw.githubusercontent.com/PokeAPI/sprites/master/sprites/pokemon/back/shiny/81.png,https://raw.githubusercontent.com/PokeAPI/sprites/master/sprites/pokemon/81.png,https://raw.githubusercontent.com/PokeAPI/sprites/master/sprites/pokemon/shiny/81.png
82,https://raw.githubusercontent.com/PokeAPI/sprites/master/sprites/pokemon/back/82.png,https://raw.githubusercontent.com/PokeAPI/sprites/master/sprites/pokemon/back/shiny/82.png,https://raw.githubusercontent.com/PokeAPI/sprites/master/sprites/pokemon/82.png,https://raw.githubusercontent.com/PokeAPI/sprites/master/sprites/pokemon/shiny/82.png
83,https://raw.githubusercontent.com/PokeAPI/sprites/master/sprites/pokemon/back/83.png,https://raw.githubusercontent.com/PokeAPI/sprites/master/sprites/pokemon/back/shiny/83.png,https://raw.githubusercontent.com/PokeAPI/sprites/master/sprites/pokemon/83.png,https://raw.githubusercontent.com/PokeAPI/sprites/master/sprites/pokemon/shiny/83.png
84,https://raw.githubusercontent.com/PokeAPI/sprites/master/sprites/pokemon/back/84.png,https://raw.githubusercontent.com/PokeAPI/sprites/master/sprites/pokemon/back/shiny/84.png,https://raw.githubusercontent.com/PokeAPI/sprites/master/sprites/pokemon/84.png,https://raw.githubusercontent.com/PokeAPI/sprites/master/sprites/pokemon/shiny/84.png
85,https://raw.githubusercontent.com/PokeAPI/sprites/master/sprites/pokemon/back/85.png,https://raw.githubusercontent.com/PokeAPI/sprites/master/sprites/pokemon/back/shiny/85.png,https://raw.githubusercontent.com/PokeAPI/sprites/master/sprites/pokemon/85.png,https://raw.githubusercontent.com/PokeAPI/sprites/master/sprites/pokemon/shiny/85.png
86,https://raw.githubusercontent.com/PokeAPI/sprites/master/sprites/pokemon/back/86.png,https://raw.githubusercontent.com/PokeAPI/sprites/master/sprites/pokemon/back/shiny/86.png,https://raw.githubusercontent.com/PokeAPI/sprites/master/sprites/pokemon/86.png,https://raw.githubusercontent.com/PokeAPI/sprites/master/sprites/pokemon/shiny/86.png
87,https://raw.githubusercontent.com/PokeAPI/sprites/master/sprites/pokemon/back/87.png,https://raw.githubusercontent.com/PokeAPI/sprites/master/sprites/pokemon/back/shiny/87.png,https://raw.githubusercontent.com/PokeAPI/sprites/master/sprites/pokemon/87.png,https://raw.githubusercontent.com/PokeAPI/sprites/master/sprites/pokemon/shiny/87.png
88,https://raw.githubusercontent.com/PokeAPI/sprites/master/sprites/pokemon/back/88.png,https://raw.githubusercontent.com/PokeAPI/sprites/master/sprites/pokemon/back/shiny/88.png,https://raw.githubusercontent.com/PokeAPI/sprites/master/sprites/pokemon/88.png,https://raw.githubusercontent.com/PokeAPI/sprites/master/sprites/pokemon/shiny/88.png
89,https://raw.githubusercontent.com/PokeAPI/sprites/master/sprites/pokemon/back/89.png,https://raw.githubusercontent.com/PokeAPI/sprites/master/sprites/pokemon/back/shiny/89.png,https://raw.githubusercontent.com/PokeAPI/sprites/master/sprites/pokemon/89.png,https://raw.githubusercontent.com/PokeAPI/sprites/master/sprites/pokemon/shiny/89.png
90,https://raw.githubusercontent.com/PokeAPI/sprites/master/sprites/pokemon/back/90.png,https://raw.githubusercontent.com/PokeAPI/sprites/master/sprites/pokemon/back/shiny/90.png,https://raw.githubusercontent.com/PokeAPI/sprites/master/sprites/pokemon/90.png,https://raw.githubusercontent.com/PokeAPI/sprites/master/sprites/pokemon/shiny/90.png
91,https://raw.githubusercontent.com/PokeAPI/sprites/master/sprites/pokemon/back/91.png,https://raw.githubusercontent.com/PokeAPI/sprites/master/sprites/pokemon/back/shiny/91.png,https://raw.githubusercontent.com/PokeAPI/sprites/master/sprites/pokemon/91.png,https://raw.githubusercontent.com/PokeAPI/sprites/master/sprites/pokemon/shiny/91.png
92,https://raw.githubusercontent.com/PokeAPI/sprites/master/sprites/pokemon/back/92.png,https://raw.githubusercontent.com/PokeAPI/sprites/master/sprites/pokemon/back/shiny/92.png,https://raw.githubusercontent.com/PokeAPI/sprites/master/sprites/pokemon/92.png,https://raw.githubusercontent.com/PokeAPI/sprites/master/sprites/pokemon/shiny/92.png
93,https://raw.githubusercontent.com/PokeAPI/sprites/master/sprites/pokemon/back/93.png,https://raw.githubusercontent.com/PokeAPI/sprites/master/sprites/pokemon/back/shiny/93.png,https://raw.githubusercontent.com/PokeAPI/sprites/master/sprites/pokemon/93.png,https://raw.githubusercontent.com/PokeAPI/sprites/master/sprites/pokemon/shiny/93.png
94,https://raw.githubusercontent.com/PokeAPI/sprites/master/sprites/pokemon/back/94.png,https://raw.githubusercontent.com/PokeAPI/sprites/master/sprites/pokemon/back/shiny/94.png,https://raw.githubusercontent.com/PokeAPI/sprites/master/sprites/pokemon/94.png,https://raw.githubusercontent.com/PokeAPI/sprites/master/sprites/pokemon/shiny/94.png
95,https://raw.githubusercontent.com/PokeAPI/sprites/master/sprites/pokemon/back/95.png,https://raw.githubusercontent.com/PokeAPI/sprites/master/sprites/pokemon/back/shiny/95.png,https://raw.githubusercontent.com/PokeAPI/sprites/master/sprites/pokemon/95.png,https://raw.githubusercontent.com/PokeAPI/sprites/master/sprites/pokemon/shiny/95.png
96,https://raw.githubusercontent.com/PokeAPI/sprites/master/sprites/pokemon/back/96.png,https://raw.githubusercontent.com/PokeAPI/sprites/master/sprites/pokemon/back/shiny/96.png,https://raw.githubusercontent.com/PokeAPI/sprites/master/sprites/pokemon/96.png,https://raw.githubusercontent.com/PokeAPI/sprites/master/sprites/pokemon/shiny/96.png
97,https://raw.githubusercontent.com/PokeAPI/sprites/master/sprites/pokemon/back/97.png,https://raw.githubusercontent.com/PokeAPI/sprites/master/sprites/pokemon/back/shiny/97.png,https://raw.githubusercontent.com/PokeAPI/sprites/master/sprites/pokemon/97.png,https://raw.githubusercontent.com/PokeAPI/sprites/master/sprites/pokemon/shiny/97.png
98,https://raw.githubusercontent.com/PokeAPI/sprites/master/sprites/pokemon/back/98.png,https://raw.githubusercontent.com/PokeAPI/sprites/master/sprites/pokemon/back/shiny/98.png,https://raw.githubusercontent.com/PokeAPI/sprites/master/sprites/pokemon/98.png,https://raw.githubusercontent.com/PokeAPI/sprites/master/sprites/pokemon/shiny/98.png
99,https://raw.githubusercontent.com/PokeAPI/sprites/master/sprites/pokemon/back/99.png,https://raw.githubusercontent.com/PokeAPI/sprites/master/sprites/pokemon/back/shiny/99.png,https://raw.githubusercontent.com/PokeAPI/sprites/master/sprites/pokemon/99.png,https://raw.githubusercontent.com/PokeAPI/sprites/master/sprites/pokemon/shiny/99.png
100,https://raw.githubusercontent.com/PokeAPI/sprites/master/sprites/pokemon/back/100.png,https://raw.githubusercontent.com/PokeAPI/sprites/master/sprites/pokemon/back/shiny/100.png,https://raw.githubusercontent.com/PokeAPI/sprites/master/sprites/pokemon/100.png,https://raw.githubusercontent.com/PokeAPI/sprites/master/sprites/pokemon/shiny/100.png
101,https://raw.githubusercontent.com/PokeAPI/sprites/master/sprites/pokemon/back/101.png,https://raw.githubusercontent.com/PokeAPI/sprites/master/sprites/pokemon/back/shiny/101.png,https://raw.githubusercontent.com/PokeAPI/sprites/master/sprites/pokemon/101.png,https://raw.githubusercontent.com/PokeAPI/sprites/master/sprites/pokemon/shiny/101.png
102,https://raw.githubusercontent.com/PokeAPI/sprites/master/sprites/pokemon/back/102.png,https://raw.githubusercontent.com/PokeAPI/sprites/master/sprites/pokemon/back/shiny/102.png,https://raw.githubusercontent.com/PokeAPI/sprites/master/sprites/pokemon/102.png,https://raw.githubusercontent.com/PokeAPI/sprites/master/sprites/pokemon/shiny/102.png
103,https://raw.githubusercontent.com/PokeAPI/sprites/master/sprites/pokemon/back/103.png,https://raw.githubusercontent.com/PokeAPI/sprites/master/sprites/pokemon/back/shiny/103.png,https://raw.githubusercontent.com/PokeAPI/sprites/master/sprites/pokemon/103.png,https://raw.githubusercontent.com/PokeAPI/sprites/master/sprites/pokemon/shiny/103.png
104,https://raw.githubusercontent.com/PokeAPI/sprites/master/sprites/pokemon/back/104.png,https://raw.githubusercontent.com/PokeAPI/sprites/master/sprites/pokemon/back/shiny/104.png,https://raw.githubusercontent.com/PokeAPI/sprites/master/sprites/pokemon/104.png,https://raw.githubusercontent.com/PokeAPI/sprites/master/sprites/pokemon/shiny/104.png
105,https://raw.githubusercontent.com/PokeAPI/sprites/master/sprites/pokemon/back/105.png,https://raw.githubusercontent.com/PokeAPI/sprites/master/sprites/pokemon/back/shiny/105.png,https://raw.githubusercontent.com/PokeAPI/sprites/master/sprites/pokemon/105.png,https://raw.githubusercontent.com/PokeAPI/sprites/master/sprites/pokemon/shiny/105.png
106,https://raw.githubusercontent.com/PokeAPI/sprites/master/sprites/pokemon/back/106.png,https://raw.githubusercontent.com/PokeAPI/sprites/master/sprites/pokemon/back/shiny/106.png,https://raw.githubusercontent.com/PokeAPI/sprites/master/sprites/pokemon/106.png,https://raw.githubusercontent.com/PokeAPI/sprites/master/sprites/pokemon/shiny/106.png
107,https://raw.githubusercontent.com/PokeAPI/sprites/master/sprites/pokemon/back/107.png,https://raw.githubusercontent.com/PokeAPI/sprites/master/sprites/pokemon/back/shiny/107.png,https://raw.githubusercontent.com/PokeAPI/sprites/master/sprites/pokemon/107.png,https://raw.githubusercontent.com/PokeAPI/sprites/master/sprites/pokemon/shiny/107.png
108,https://raw.githubusercontent.com/PokeAPI/sprites/master/sprites/pokemon/back/108.png,https://raw.githubusercontent.com/PokeAPI/sprites/master/sprites/pokemon/back/shiny/108.png,https://raw.githubusercontent.com/PokeAPI/sprites/master/sprites/pokemon/108.png,https://raw.githubusercontent.com/PokeAPI/sprites/master/sprites/pokemon/shiny/108.png
109,https://raw.githubusercontent.com/PokeAPI/sprites/master/sprites/pokemon/back/109.png,https://raw.githubusercontent.com/PokeAPI/sprites/master/sprites/pokemon/back/shiny/109.png,https://raw.githubusercontent.com/PokeAPI/sprites/master/sprites/pokemon/109.png,https://raw.githubusercontent.com/PokeAPI/sprites/master/sprites/pokemon/shiny/109.png
110,https://raw.githubusercontent.com/PokeAPI/sprites/master/sprites/pokemon/back/110.png,https://raw.githubusercontent.com/PokeAPI/sprites/master/sprites/pokemon/back/shiny/110.png,https://raw.githubusercontent.com/PokeAPI/sprites/master/sprites/pokemon/110.png,https://raw.githubusercontent.com/PokeAPI/sprites/master/sprites/pokemon/shiny/110.png
111,https://raw.githubusercontent.com/PokeAPI/sprites/master/sprites/pokemon/back/111.png,https://raw.githubusercontent.com/PokeAPI/sprites/master/sprites/pokemon/back/shiny/111.png,https://raw.githubusercontent.com/PokeAPI/sprites/master/sprites/pokemon/111.png,https://raw.githubusercontent.com/PokeAPI/sprites/master/sprites/pokemon/shiny/111.png
112,https://raw.githubusercontent.com/PokeAPI/sprites/master/sprites/pokemon/back/112.png,https://raw.githubusercontent.com/PokeAPI/sprites/master/sprites/pokemon/back/shiny/112.png,https://raw.githubusercontent.com/PokeAPI/sprites/master/sprites/pokemon/112.png,https://raw.githubusercontent.com/PokeAPI/sprites/master/sprites/pokemon/shiny/112.png
113,https://raw.githubusercontent.com/PokeAPI/sprites/master/sprites/pokemon/back/113.png,https://raw.githubusercontent.com/PokeAPI/sprites/master/sprites/pokemon/back/shiny/113.png,https://raw.githubusercontent.com/PokeAPI/sprites/master/sprites/pokemon/113.png,https://raw.githubusercontent.com/PokeAPI/sprites/master/sprites/pokemon/shiny/113.png
114,https://raw.githubusercontent.com/PokeAPI/sprites/master/sprites/pokemon/back/114.png,https://raw.githubusercontent.com/PokeAPI/sprites/master/sprites/pokemon/back/shiny/114.png,https://raw.githubusercontent.com/PokeAPI/sprites/master/sprites/pokemon/114.png,https://raw.githubusercontent.com/PokeAPI/sprites/master/sprites/pokemon/shiny/114.png
115,https://raw.githubusercontent.com/PokeAPI/sprites/master/sprites/pokemon/back/115.png,https://raw.githubusercontent.com/PokeAPI/sprites/master/sprites/pokemon/back/shiny/115.png,https://raw.githubusercontent.com/PokeAPI/sprites/master/sprites/pokemon/115.png,https://raw.githubusercontent.com/PokeAPI/sprites/master/sprites/pokemon/shiny/115.png
116,https://raw.githubusercontent.com/PokeAPI/sprites/master/sprites/pokemon/back/116.png,https://raw.githubusercontent.com/PokeAPI/sprites/master/sprites/pokemon/back/shiny/116.png,https://raw.githubusercontent.com/PokeAPI/sprites/master/sprites/pokemon/116.png,https://raw.githubusercontent.com/PokeAPI/sprites/master/sprites/pokemon/shiny/116.png
117,https://raw.githubusercontent.com/PokeAPI/sprites/master/sprites/pokemon/back/117.png,https://raw.githubusercontent.com/PokeAPI/sprites/master/sprites/pokemon/back/shiny/117.png,https://raw.githubusercontent.com/PokeAPI/sprites/master/sprites/pokemon/117.png,https://raw.githubusercontent.com/PokeAPI/sprites/master/sprites/pokemon/shiny/117.png
118,https://raw.githubusercontent.com/PokeAPI/sprites/master/sprites/pokemon/back/118.png,https://raw.githubusercontent.com/PokeAPI/sprites/master/sprites/pokemon/back/shiny/118.png,https://raw.githubusercontent.com/PokeAPI/sprites/master/sprites/pokemon/118.png,https://raw.githubusercontent.com/PokeAPI/sprites/master/sprites/pokemon/shiny/118.png
119,https://raw.githubusercontent.com/PokeAPI/sprites/master/sprites/pokemon/back/119.png,https://raw.githubusercontent.com/PokeAPI/sprites/master/sprites/pokemon/back/shiny/119.png,https://raw.githubusercontent.com/PokeAPI/sprites/master/sprites/pokemon/119.png,https://raw.githubusercontent.com/PokeAPI/sprites/master/sprites/pokemon/shiny/119.png
120,https://raw.githubusercontent.com/PokeAPI/sprites/master/sprites/pokemon/back/120.png,https://raw.githubusercontent.com/PokeAPI/sprites/master/sprites/pokemon/back/shiny/120.png,https://raw.githubusercontent.com/PokeAPI/sprites/master/sprites/pokemon/120.png,https://raw.githubusercontent.com/PokeAPI/sprites/master/sprites/pokemon/shiny/120.png
121,https://raw.githubusercontent.com/PokeAPI/sprites/master/sprites/pokemon/back/121.png,https://raw.githubusercontent.com/PokeAPI/sprites/master/sprites/pokemon/back/shiny/121.png,https://raw.githubusercontent.com/PokeAPI/sprites/master/sprites/pokemon/121.png,https://raw.githubusercontent.com/PokeAPI/sprites/master/sprites/pokemon/shiny/121.png
122,https://raw.githubusercontent.com/PokeAPI/sprites/master/sprites/pokemon/back/122.png,https://raw.githubusercontent.com/PokeAPI/sprites/master/sprites/pokemon/back/shiny/122.png,https://raw.githubusercontent.com/PokeAPI/sprites/master/sprites/pokemon/122.png,https://raw.githubusercontent.com/PokeAPI/sprites/master/sprites/pokemon/shiny/122.png
123,https://raw.githubusercontent.com/PokeAPI/sprites/master/sprites/pokemon/back/123.png,https://raw.githubusercontent.com/PokeAPI/sprites/master/sprites/pokemon/back/shiny/123.png,https://raw.githubusercontent.com/PokeAPI/sprites/master/sprites/pokemon/123.png,https://raw.githubusercontent.com/PokeAPI/sprites/master/sprites/pokemon/shiny/123.png
124,https://raw.githubusercontent.com/PokeAPI/sprites/master/sprites/pokemon/back/124.png,https://raw.githubusercontent.com/PokeAPI/sprites/master/sprites/pokemon/back/shiny/124.png,https://raw.githubusercontent.com/PokeAPI/sprites/master/sprites/pokemon/124.png,https://raw.githubusercontent.com/PokeAPI/sprites/master/sprites/pokemon/shiny/124.png
125,https://raw.githubusercontent.com/PokeAPI/sprites/master/sprites/pokemon/back/125.png,https://raw.githubusercontent.com/PokeAPI/sprites/master/sprites/pokemon/back/shiny/125.png,https://raw.githubusercontent.com/PokeAPI/sprites/master/sprites/pokemon/125.png,https://raw.githubusercontent.com/PokeAPI/sprites/master/sprites/pokemon/shiny/125.png
126,https://raw.githubusercontent.com/PokeAPI/sprites/master/sprites/pokemon/back/126.png,https://raw.githubusercontent.com/PokeAPI/sprites/master/sprites/pokemon/back/shiny/126.png,https://raw.githubusercontent.com/PokeAPI/sprites/master/sprites/pokemon/126.png,https://raw.githubusercontent.com/PokeAPI/sprites/master/sprites/pokemon/shiny/126.png
127,https://raw.githubusercontent.com/PokeAPI/sprites/master/sprites/pokemon/back/127.png,https://raw.githubusercontent.com/PokeAPI/sprites/master/sprites/pokemon/back/shiny/127.png,https://raw.githubusercontent.com/PokeAPI/sprites/master/sprites/pokemon/127.png,https://raw.githubusercontent.com/PokeAPI/sprites/master/sprites/pokemon/shiny/127.png
128,https://raw.githubusercontent.com/PokeAPI/sprites/master/sprites/pokemon/back/128.png,https://raw.githubusercontent.com/PokeAPI/sprites/master/sprites/pokemon/back/shiny/128.png,https://raw.githubusercontent.com/PokeAPI/sprites/master/sprites/pokemon/128.png,https://raw.githubusercontent.com/PokeAPI/sprites/master/sprites/pokemon/shiny/128.png
129,https://raw.githubusercontent.com/PokeAPI/sprites/master/sprites/pokemon/back/129.png,https://raw.githubusercontent.com/PokeAPI/sprites/master/sprites/pokemon/back/shiny/129.png,https://raw.githubusercontent.com/PokeAPI/sprites/master/sprites/pokemon/129.png,https://raw.githubusercontent.com/PokeAPI/sprites/master/sprites/pokemon/shiny/129.png
130,https://raw.githubusercontent.com/PokeAPI/sprites/master/sprites/pokemon/back/130.png,https://raw.githubusercontent.com/PokeAPI/sprites/master/sprites/pokemon/back/shiny/130.png,https://raw.githubusercontent.com/PokeAPI/sprites/master/sprites/pokemon/130.png,https://raw.githubusercontent.com/PokeAPI/sprites/master/sprites/pokemon/shiny/130.png
131,https://raw.githubusercontent.com/PokeAPI/sprites/master/sprites/pokemon/back/131.png,https://raw.githubusercontent.com/PokeAPI/sprites/master/sprites/pokemon/back/shiny/131.png,https://raw.githubusercontent.com/PokeAPI/sprites/master/sprites/pokemon/131.png,https://raw.githubusercontent.com/PokeAPI/sprites/master/sprites/pokemon/shiny/131.png
132,https://raw.githubusercontent.com/PokeAPI/sprites/master/sprites/pokemon/back/132.png,https://raw.githubusercontent.com/PokeAPI/sprites/master/sprites/pokemon/back/shiny/132.png,https://raw.githubusercontent.com/PokeAPI/sprites/master/sprites/pokemon/132.png,https://raw.githubusercontent.com/PokeAPI/sprites/master/sprites/pokemon/shiny/132.png
133,https://raw.githubusercontent.com/PokeAPI/sprites/master/sprites/pokemon/back/133.png,https://raw.githubusercontent.com/PokeAPI/sprites/master/sprites/pokemon/back/shiny/133.png,https://raw.githubusercontent.com/PokeAPI/sprites/master/sprites/pokemon/133.png,https://raw.githubusercontent.com/PokeAPI/sprites/master/sprites/pokemon/shiny/133.png
134,https://raw.githubusercontent.com/PokeAPI/sprites/master/sprites/pokemon/back/134.png,https://raw.githubusercontent.com/PokeAPI/sprites/master/sprites/pokemon/back/shiny/134.png,https://raw.githubusercontent.com/PokeAPI/sprites/master/sprites/pokemon/134.png,https://raw.githubusercontent.com/PokeAPI/sprites/master/sprites/pokemon/shiny/134.png
135,https://raw.githubusercontent.com/PokeAPI/sprites/master/sprites/pokemon/back/135.png,https://raw.githubusercontent.com/PokeAPI/sprites/master/sprites/pokemon/back/shiny/135.png,https://raw.githubusercontent.com/PokeAPI/sprites/master/sprites/pokemon/135.png,https://raw.githubusercontent.com/PokeAPI/sprites/master/sprites/pokemon/shiny/135.png
136,https://raw.githubusercontent.com/PokeAPI/sprites/master/sprites/pokemon/back/136.png,https://raw.githubusercontent.com/PokeAPI/sprites/master/sprites/pokemon/back/shiny/136.png,https://raw.githubusercontent.com/PokeAPI/sprites/master/sprites/pokemon/136.png,https://raw.githubusercontent.com/PokeAPI/sprites/master/sprites/pokemon/shiny/136.png
137,https://raw.githubusercontent.com/PokeAPI/sprites/master/sprites/pokemon/back/137.png,https://raw.githubusercontent.com/PokeAPI/sprites/master/sprites/pokemon/back/shiny/137.png,https://raw.githubusercontent.com/PokeAPI/sprites/master/sprites/pokemon/137.png,https://raw.githubusercontent.com/PokeAPI/sprites/master/sprites/pokemon/shiny/137.png
138,https://raw.githubusercontent.com/PokeAPI/sprites/master/sprites/pokemon/back/138.png,https://raw.githubusercontent.com/PokeAPI/sprites/master/sprites/pokemon/back/shiny/138.png,https://raw.githubusercontent.com/PokeAPI/sprites/master/sprites/pokemon/138.png,https://raw.githubusercontent.com/PokeAPI/sprites/master/sprites/pokemon/shiny/138.png
139,https://raw.githubusercontent.com/PokeAPI/sprites/master/sprites/pokemon/back/139.png,https://raw.githubusercontent.com/PokeAPI/sprites/master/sprites/pokemon/back/shiny/139.png,https://raw.githubusercontent.com/PokeAPI/sprites/master/sprites/pokemon/139.png,https://raw.githubusercontent.com/PokeAPI/sprites/master/sprites/pokemon/shiny/139.png
140,https://raw.githubusercontent.com/PokeAPI/sprites/master/sprites/pokemon/back/140.png,https://raw.githubusercontent.com/PokeAPI/sprites/master/sprites/pokemon/back/shiny/140.png,https://raw.githubusercontent.com/PokeAPI/sprites/master/sprites/pokemon/140.png,https://raw.githubusercontent.com/PokeAPI/sprites/master/sprites/pokemon/shiny/140.png
141,https://raw.githubusercontent.com/PokeAPI/sprites/master/sprites/pokemon/back/141.png,https://raw.githubusercontent.com/PokeAPI/sprites/master/sprites/pokemon/back/shiny/141.png,https://raw.githubusercontent.com/PokeAPI/sprites/master/sprites/pokemon/141.png,https://raw.githubusercontent.com/PokeAPI/sprites/master/sprites/pokemon/shiny/141.png
142,https://raw.githubusercontent.com/PokeAPI/sprites/master/sprites/pokemon/back/142.png,https://raw.githubusercontent.com/PokeAPI/sprites/master/sprites/pokemon/back/shiny/142.png,https://raw.githubusercontent.com/PokeAPI/sprites/master/sprites/pokemon/142.png,https://raw.githubusercontent.com/PokeAPI/sprites/master/sprites/pokemon/shiny/142.png
143,https://raw.githubusercontent.com/PokeAPI/sprites/master/sprites/pokemon/back/143.png,https://raw.githubusercontent.com/PokeAPI/sprites/master/sprites/pokemon/back/shiny/143.png,https://raw.githubusercontent.com/PokeAPI/sprites/master/sprites/pokemon/143.png,https://raw.githubusercontent.com/PokeAPI/sprites/master/sprites/pokemon/shiny/143.png
144,https://raw.githubusercontent.com/PokeAPI/sprites/master/sprites/pokemon/back/144.png,https://raw.githubusercontent.com/PokeAPI/sprites/master/sprites/pokemon/back/shiny/144.png,https://raw.githubusercontent.com/PokeAPI/sprites/master/sprites/pokemon/144.png,https://raw.githubusercontent.com/PokeAPI/sprites/master/sprites/pokemon/shiny/144.png
145,https://raw.githubusercontent.com/PokeAPI/sprites/master/sprites/pokemon/back/145.png,https://raw.githubusercontent.com/PokeAPI/sprites/master/sprites/pokemon/back/shiny/145.png,https://raw.githubusercontent.com/PokeAPI/sprites/master/sprites/pokemon/145.png,https://raw.githubusercontent.com/PokeAPI/sprites/master/sprites/pokemon/shiny/145.png
146,https://raw.githubusercontent.com/PokeAPI/sprites/master/sprites/pokemon/back/146.png,https://raw.githubusercontent.com/PokeAPI/sprites/master/sprites/pokemon/back/shiny/146.png,https://raw.githubusercontent.com/PokeAPI/sprites/master/sprites/pokemon/146.png,https://raw.githubusercontent.com/PokeAPI/sprites/master/sprites/pokemon/shiny/146.png
147,https://raw.githubusercontent.com/PokeAPI/sprites/master/sprites/pokemon/back/147.png,https://raw.githubusercontent.com/PokeAPI/sprites/master/sprites/pokemon/back/shiny/147.png,https://raw.githubusercontent.com/PokeAPI/sprites/master/sprites/pokemon/147.png,https://raw.githubusercontent.com/PokeAPI/sprites/master/sprites/pokemon/shiny/147.png
148,https://raw.githubusercontent.com/PokeAPI/sprites/master/sprites/pokemon/back/148.png,https://raw.githubusercontent.com/PokeAPI/sprites/master/sprites/pokemon/back/shiny/148.png,https://raw.githubusercontent.com/PokeAPI/sprites/master/sprites/pokemon/148.png,https://raw.githubusercontent.com/PokeAPI/sprites/master/sprites/pokemon/shiny/148.png
149,https://raw.githubusercontent.com/PokeAPI/sprites/master/sprites/pokemon/back/149.png,https://raw.githubusercontent.com/PokeAPI/sprites/master/sprites/pokemon/back/shiny/149.png,https://raw.githubusercontent.com/PokeAPI/sprites/master/sprites/pokemon/149.png,https://raw.githubusercontent.com/PokeAPI/sprites/master/sprites/pokemon/shiny/149.png
150,https://raw.githubusercontent.com/PokeAPI/sprites/master/sprites/pokemon/back/150.png,https://raw.githubusercontent.com/PokeAPI/sprites/master/sprites/pokemon/back/shiny/150.png,https://raw.githubusercontent.com/PokeAPI/sprites/master/sprites/pokemon/150.png,https://raw.githubusercontent.com/PokeAPI/sprites/master/sprites/pokemon/shiny/150.png
151,https://raw.githubusercontent.com/PokeAPI/sprites/master/sprites/pokemon/back/151.png,https://raw.githubusercontent.com/PokeAPI/sprites/master/sprites/pokemon/back/shiny/151.png,https://raw.githubusercontent.com/PokeAPI/sprites/master/sprites/pokemon/151.png,https://raw.githubusercontent.com/PokeAPI/sprites/master/sprites/pokemon/shiny/151.png
